[{"UserName":"Sophie.Janner","Password":"123","PlayerStatistics":{"GamesPlayed":3,"ColorGameHighScore":7,"ReactionGameHighScore":{"Ticks":5607033,"Days":0,"Hours":0,"Milliseconds":560,"Minutes":0,"Seconds":0,"TotalDays":6.489621527777778E-06,"TotalHours":0.00015575091666666666,"TotalMilliseconds":560.7033,"TotalMinutes":0.009345055,"TotalSeconds":0.5607033},"AimGameHighScore":{"Ticks":0,"Days":0,"Hours":0,"Milliseconds":0,"Minutes":0,"Seconds":0,"TotalDays":0,"TotalHours":0,"TotalMilliseconds":0,"TotalMinutes":0,"TotalSeconds":0}}},{"UserName":"Leon.Flatz","Password":"123","PlayerStatistics":{"GamesPlayed":0,"ColorGameHighScore":0,"ReactionGameHighScore":{"Ticks":0,"Days":0,"Hours":0,"Milliseconds":0,"Minutes":0,"Seconds":0,"TotalDays":0,"TotalHours":0,"TotalMilliseconds":0,"TotalMinutes":0,"TotalSeconds":0},"AimGameHighScore":{"Ticks":0,"Days":0,"Hours":0,"Milliseconds":0,"Minutes":0,"Seconds":0,"TotalDays":0,"TotalHours":0,"TotalMilliseconds":0,"TotalMinutes":0,"TotalSeconds":0}}}]